{
  "version": 1,
  "author": "Dj Nejk",
  "editor": "wokwi",
  "parts": [
    { "type": "wokwi-arduino-uno", "id": "uno", "top": -921, "left": 604.2, "attrs": {} },
    {
      "type": "wokwi-neopixel-canvas",
      "id": "neopixels",
      "top": 153.8,
      "left": 747.8,
      "rotate": 270,
      "attrs": {
        "rows": "1",
        "cols": "45",
        "matrixBrightness": "10",
        "matrixLayout": "serpentine",
        "pixelate": "circle"
      }
    },
    {
      "type": "wokwi-neopixel-canvas",
      "id": "neopixels1",
      "top": 153.8,
      "left": 671,
      "rotate": 270,
      "attrs": {
        "rows": "1",
        "cols": "45",
        "matrixBrightness": "10",
        "matrixLayout": "serpentine",
        "pixelate": "circle"
      }
    },
    {
      "type": "wokwi-buzzer",
      "id": "bz1",
      "top": -1101.6,
      "left": 693,
      "attrs": { "volume": "0.1" }
    },
    { "type": "wokwi-slide-switch", "id": "sw1", "top": -869.2, "left": 982.3, "attrs": {} },
    { "type": "wokwi-slide-switch", "id": "sw2", "top": -869.2, "left": 934.3, "attrs": {} },
    { "type": "wokwi-slide-switch", "id": "sw3", "top": -869.2, "left": 1030.3, "attrs": {} },
    {
      "type": "wokwi-neopixel-canvas",
      "id": "neopixels2",
      "top": -931,
      "left": 747.8,
      "rotate": 270,
      "attrs": {
        "rows": "1",
        "cols": "45",
        "matrixBrightness": "10",
        "matrixLayout": "serpentine",
        "pixelate": "circle"
      }
    },
    {
      "type": "wokwi-neopixel-canvas",
      "id": "neopixels3",
      "top": -931,
      "left": 671,
      "rotate": 270,
      "attrs": {
        "rows": "1",
        "cols": "45",
        "matrixBrightness": "10",
        "matrixLayout": "serpentine",
        "pixelate": "circle"
      }
    }
  ],
  "connections": [
    [ "neopixels:VSS", "uno:GND.3", "green", [ "v10", "h-195.8", "v205", "h-585.8" ] ],
    [ "neopixels:VDD", "uno:5V", "green", [ "v14.6", "h-182.4", "v195.8", "h-618.2" ] ],
    [ "neopixels:DOUT", "neopixels1:DIN", "green", [ "h0" ] ],
    [ "neopixels:VSS", "neopixels1:VSS", "green", [ "h0" ] ],
    [ "neopixels:VDD", "neopixels1:VDD", "green", [ "h0" ] ],
    [ "uno:GND.1", "bz1:1", "black", [ "v0" ] ],
    [ "sw2:2", "sw1:2", "green", [ "v19.2", "h48.1" ] ],
    [ "sw1:2", "sw3:2", "green", [ "v19.2", "h48.1" ] ],
    [ "neopixels:VDD", "neopixels3:VDD", "green", [ "h0" ] ],
    [ "neopixels3:VDD", "neopixels2:VDD", "green", [ "h0" ] ],
    [ "neopixels2:VSS", "neopixels3:VSS", "green", [ "h0" ] ],
    [ "neopixels3:VSS", "neopixels:VSS", "green", [ "h0" ] ],
    [ "neopixels2:DOUT", "neopixels3:DIN", "green", [ "h0" ] ],
    [ "neopixels2:DIN", "uno:5", "green", [ "h0" ] ],
    [ "neopixels:DIN", "uno:6", "green", [ "h0" ] ],
    [ "sw2:2", "uno:GND.3", "green", [ "v0" ] ],
    [ "sw1:3", "uno:4", "green", [ "v48", "h-95.8", "v-163.2", "h-86.4" ] ],
    [ "bz1:2", "uno:3", "green", [ "v9.6", "h-0.4" ] ],
    [ "sw2:3", "uno:8", "green", [ "v38.4", "h-38.2", "v-163.2", "h-144" ] ],
    [ "sw3:3", "uno:7", "green", [ "v28.8", "h-124.6", "v-163.2", "h-134.4" ] ]
  ],
  "dependencies": {}
}